{
  "project_info": {
    "project_number": "481424323952",
    "project_id": "smartballot-a7eb7",
    "storage_bucket": "smartballot-a7eb7.appspot.com"
  },
  "client": [
    {
      "client_info": {
        "mobilesdk_app_id": "1:481424323952:android:69da0b3a5a1099f5250bb5",
        "android_client_info": {
          "package_name": "com.example.bootcamp1"
        }
      },
      "oauth_client": [],
      "api_key": [
        {
          "current_key": "AIzaSyAWCjOip80GTg-iceGOuI-dp1MgSU-LvHA"
        }
      ],
      "services": {
        "appinvite_service": {
          "other_platform_oauth_client": []
        }
      }
    }
  ],
  "configuration_version": "1"
}